measurement_id,instrument,operator,ref_value,instrument_offset,instrument_error,operator_offset,operator_error,measurement
1,instrument_2,operator_1,50,0,5,0,5,47.115435613234276
2,instrument_2,operator_2,50,0,5,0,5,47.78448596464358
3,instrument_1,operator_2,50,0,5,0,5,42.128873699062815
4,instrument_1,operator_3,50,0,5,0,5,55.17838773834494
5,instrument_2,operator_2,50,0,5,0,5,45.60682329267611
6,instrument_2,operator_3,50,0,5,0,5,54.76879473156279
7,instrument_4,operator_1,50,0,5,0,5,43.78415314762036
8,instrument_2,operator_2,50,0,5,0,5,46.71476444123207
9,instrument_5,operator_1,50,0,5,0,5,45.75759512140503
10,instrument_3,operator_1,50,0,5,0,5,49.28458312330762
11,instrument_5,operator_1,50,0,5,0,5,48.6366602017211
12,instrument_3,operator_3,50,0,5,0,5,52.34168990486578
13,instrument_5,operator_1,50,0,5,0,5,52.0083963893482
14,instrument_3,operator_2,50,0,5,0,5,52.55827847901626
15,instrument_5,operator_1,50,0,5,0,5,62.78614152712733
16,instrument_1,operator_3,50,0,5,0,5,61.87154042127143
17,instrument_4,operator_3,50,0,5,0,5,52.236084248534546
18,instrument_1,operator_3,50,0,5,0,5,45.19755239629814
19,instrument_5,operator_3,50,0,5,0,5,42.788409302614006
20,instrument_1,operator_2,50,0,5,0,5,57.96575686499995
21,instrument_1,operator_2,50,0,5,0,5,47.90542437540348
22,instrument_3,operator_2,50,0,5,0,5,55.43070334579897
23,instrument_3,operator_1,50,0,5,0,5,46.03807815227906
24,instrument_4,operator_1,50,0,5,0,5,45.920606675967775
25,instrument_3,operator_3,50,0,5,0,5,70.74215571160258
26,instrument_2,operator_3,50,0,5,0,5,58.163448399669946
27,instrument_3,operator_3,50,0,5,0,5,54.400177415185276
28,instrument_5,operator_1,50,0,5,0,5,58.39337805802718
29,instrument_2,operator_1,50,0,5,0,5,54.55657274101491
30,instrument_5,operator_2,50,0,5,0,5,38.7837940204457
31,instrument_1,operator_2,50,0,5,0,5,51.27521769083485
32,instrument_4,operator_1,50,0,5,0,5,53.14439727478193
33,instrument_3,operator_1,50,0,5,0,5,42.12701293193415
34,instrument_1,operator_2,50,0,5,0,5,49.001402026712405
35,instrument_4,operator_1,50,0,5,0,5,56.47091438337352
36,instrument_5,operator_2,50,0,5,0,5,48.24908030539653
37,instrument_4,operator_2,50,0,5,0,5,58.33809641426825
38,instrument_2,operator_3,50,0,5,0,5,39.09077274835596
39,instrument_1,operator_1,50,0,5,0,5,54.467321933818305
40,instrument_4,operator_1,50,0,5,0,5,46.184460635681866
41,instrument_5,operator_2,50,0,5,0,5,49.581840056458375
42,instrument_3,operator_3,50,0,5,0,5,56.290188090384376
43,instrument_5,operator_2,50,0,5,0,5,53.302261647415385
44,instrument_5,operator_1,50,0,5,0,5,48.47928971700776
45,instrument_4,operator_2,50,0,5,0,5,48.22981283038865
46,instrument_5,operator_1,50,0,5,0,5,50.21444068764881
47,instrument_3,operator_2,50,0,5,0,5,65.17288483479342
48,instrument_3,operator_2,50,0,5,0,5,56.57857987933236
49,instrument_1,operator_3,50,0,5,0,5,48.823752334113756
50,instrument_5,operator_3,50,0,5,0,5,52.157059593192145
51,instrument_5,operator_3,50,0,5,0,5,50.20183607238054
52,instrument_1,operator_3,50,0,5,0,5,48.34499391200263
53,instrument_3,operator_1,50,0,5,0,5,46.425507279976415
54,instrument_5,operator_2,50,0,5,0,5,37.96009615009484
55,instrument_4,operator_1,50,0,5,0,5,46.134900201513766
56,instrument_2,operator_3,50,0,5,0,5,49.269090251688496
57,instrument_1,operator_1,50,0,5,0,5,49.84893654240385
58,instrument_3,operator_1,50,0,5,0,5,56.422129638962765
59,instrument_4,operator_3,50,0,5,0,5,41.5861962455032
60,instrument_2,operator_3,50,0,5,0,5,38.19542138100306
61,instrument_3,operator_1,50,0,5,0,5,50.35562695529452
62,instrument_4,operator_1,50,0,5,0,5,46.670678419529374
63,instrument_2,operator_3,50,0,5,0,5,39.86371201928904
64,instrument_4,operator_3,50,0,5,0,5,51.79780392100888
65,instrument_5,operator_2,50,0,5,0,5,54.477803268114066
66,instrument_5,operator_3,50,0,5,0,5,51.11729609997134
67,instrument_4,operator_3,50,0,5,0,5,43.71333191164511
68,instrument_3,operator_3,50,0,5,0,5,47.7984885302079
69,instrument_4,operator_3,50,0,5,0,5,62.318013870938834
70,instrument_2,operator_2,50,0,5,0,5,43.56674326415787
71,instrument_2,operator_3,50,0,5,0,5,39.41900599070031
72,instrument_3,operator_2,50,0,5,0,5,53.35358427861934
73,instrument_1,operator_2,50,0,5,0,5,49.76235023700132
74,instrument_3,operator_2,50,0,5,0,5,45.23306909587267
75,instrument_1,operator_2,50,0,5,0,5,44.202693791040005
76,instrument_4,operator_1,50,0,5,0,5,57.81764359773588
77,instrument_1,operator_3,50,0,5,0,5,53.00338767129923
78,instrument_1,operator_1,50,0,5,0,5,49.98563051159
79,instrument_2,operator_2,50,0,5,0,5,46.66215167143292
80,instrument_2,operator_1,50,0,5,0,5,44.295354101343634
81,instrument_1,operator_1,50,0,5,0,5,54.25099617834435
82,instrument_4,operator_1,50,0,5,0,5,53.96509995573338
83,instrument_1,operator_3,50,0,5,0,5,45.42375996911812
84,instrument_2,operator_1,50,0,5,0,5,55.761950305767336
85,instrument_3,operator_3,50,0,5,0,5,52.52828628279014
86,instrument_4,operator_2,50,0,5,0,5,62.1597621819802
87,instrument_3,operator_2,50,0,5,0,5,45.90621326114598
88,instrument_4,operator_3,50,0,5,0,5,47.0424677334225
89,instrument_3,operator_1,50,0,5,0,5,51.64059606957104
90,instrument_1,operator_3,50,0,5,0,5,35.728716531996916
91,instrument_5,operator_1,50,0,5,0,5,51.7005942506472
92,instrument_2,operator_1,50,0,5,0,5,61.70088959130513
93,instrument_2,operator_2,50,0,5,0,5,43.28966637348411
94,instrument_5,operator_3,50,0,5,0,5,51.00955367108993
95,instrument_2,operator_3,50,0,5,0,5,50.990593301286715
96,instrument_1,operator_1,50,0,5,0,5,51.24882494013608
97,instrument_5,operator_1,50,0,5,0,5,52.13693779651558
98,instrument_3,operator_2,50,0,5,0,5,51.132521954950924
99,instrument_2,operator_1,50,0,5,0,5,47.15128857229911
100,instrument_3,operator_1,50,0,5,0,5,55.71709566018376
101,instrument_2,operator_2,50,0,5,0,5,42.67660636314885
102,instrument_5,operator_1,50,0,5,0,5,62.99599829959735
103,instrument_2,operator_3,50,0,5,0,5,57.98532322251533
104,instrument_2,operator_2,50,0,5,0,5,52.42424759091757
105,instrument_4,operator_1,50,0,5,0,5,52.087386798000644
106,instrument_5,operator_2,50,0,5,0,5,44.42926275816285
107,instrument_3,operator_1,50,0,5,0,5,54.6139029524518
108,instrument_2,operator_1,50,0,5,0,5,61.29292852511796
109,instrument_4,operator_2,50,0,5,0,5,47.047387608239816
110,instrument_4,operator_1,50,0,5,0,5,43.453207251830214
111,instrument_5,operator_2,50,0,5,0,5,50.173407413842945
112,instrument_1,operator_1,50,0,5,0,5,48.48105471007398
113,instrument_1,operator_2,50,0,5,0,5,55.79714623528169
114,instrument_4,operator_1,50,0,5,0,5,45.50851463046574
115,instrument_1,operator_1,50,0,5,0,5,53.40623872393546
116,instrument_5,operator_3,50,0,5,0,5,58.96680314470016
117,instrument_3,operator_1,50,0,5,0,5,44.89897087485109
118,instrument_1,operator_1,50,0,5,0,5,50.70277840726202
119,instrument_1,operator_1,50,0,5,0,5,55.1591619565798
120,instrument_4,operator_1,50,0,5,0,5,54.90526303162726
121,instrument_4,operator_1,50,0,5,0,5,43.008224032683195
122,instrument_4,operator_1,50,0,5,0,5,61.76786632870888
123,instrument_3,operator_2,50,0,5,0,5,44.25377240176272
124,instrument_3,operator_3,50,0,5,0,5,50.09328832889052
125,instrument_5,operator_1,50,0,5,0,5,43.72044095679387
126,instrument_4,operator_1,50,0,5,0,5,53.4715335778374
127,instrument_4,operator_1,50,0,5,0,5,49.89126946884799
128,instrument_3,operator_1,50,0,5,0,5,50.82837614002194
129,instrument_1,operator_1,50,0,5,0,5,55.58428222189601
130,instrument_1,operator_3,50,0,5,0,5,64.10150508468892
131,instrument_4,operator_1,50,0,5,0,5,43.28515036879075
132,instrument_4,operator_1,50,0,5,0,5,44.96159860145595
133,instrument_2,operator_2,50,0,5,0,5,43.577424116272425
134,instrument_4,operator_2,50,0,5,0,5,64.54645941057704
135,instrument_2,operator_3,50,0,5,0,5,51.29145745161549
136,instrument_1,operator_2,50,0,5,0,5,45.69412681715973
137,instrument_5,operator_2,50,0,5,0,5,48.6624882576412
138,instrument_4,operator_2,50,0,5,0,5,38.620715084647316
139,instrument_3,operator_2,50,0,5,0,5,40.29957899733835
140,instrument_5,operator_1,50,0,5,0,5,55.32928703301959
141,instrument_5,operator_1,50,0,5,0,5,46.20630333135051
142,instrument_1,operator_3,50,0,5,0,5,56.637447521686305
143,instrument_5,operator_2,50,0,5,0,5,44.58535522999686
144,instrument_3,operator_2,50,0,5,0,5,41.393387127811735
145,instrument_2,operator_1,50,0,5,0,5,56.56884290416746
146,instrument_4,operator_1,50,0,5,0,5,54.35684055748564
147,instrument_4,operator_3,50,0,5,0,5,54.65003822195479
148,instrument_4,operator_1,50,0,5,0,5,49.94897298969427
149,instrument_3,operator_2,50,0,5,0,5,50.49455257865546
150,instrument_2,operator_1,50,0,5,0,5,51.131106360831545
151,instrument_2,operator_2,50,0,5,0,5,47.90571967290159
152,instrument_3,operator_3,50,0,5,0,5,49.96886763816381
153,instrument_4,operator_3,50,0,5,0,5,45.1239741886984
154,instrument_1,operator_3,50,0,5,0,5,46.92081392606678
155,instrument_3,operator_3,50,0,5,0,5,55.3210851160652
156,instrument_2,operator_3,50,0,5,0,5,52.11752321419366
157,instrument_1,operator_2,50,0,5,0,5,40.186828657473725
158,instrument_4,operator_2,50,0,5,0,5,36.10028506603818
159,instrument_3,operator_3,50,0,5,0,5,67.94974769608882
160,instrument_1,operator_3,50,0,5,0,5,51.18796642382463
161,instrument_2,operator_3,50,0,5,0,5,41.77828354991914
162,instrument_4,operator_1,50,0,5,0,5,50.50191197862088
163,instrument_4,operator_3,50,0,5,0,5,37.934841010249826
164,instrument_1,operator_2,50,0,5,0,5,55.027147175642654
165,instrument_2,operator_1,50,0,5,0,5,53.595546337450784
166,instrument_1,operator_3,50,0,5,0,5,49.918308999574215
167,instrument_3,operator_3,50,0,5,0,5,52.24854164074769
168,instrument_2,operator_3,50,0,5,0,5,53.366258456105726
169,instrument_5,operator_1,50,0,5,0,5,50.20757057926924
170,instrument_5,operator_2,50,0,5,0,5,43.61507726043294
171,instrument_3,operator_1,50,0,5,0,5,47.01339761199437
172,instrument_5,operator_2,50,0,5,0,5,46.81459656896086
173,instrument_5,operator_3,50,0,5,0,5,49.01694736065504
174,instrument_1,operator_2,50,0,5,0,5,50.46287014901559
175,instrument_1,operator_1,50,0,5,0,5,40.369505607005436
176,instrument_5,operator_2,50,0,5,0,5,42.30369364113251
177,instrument_3,operator_3,50,0,5,0,5,58.379405034395134
178,instrument_3,operator_2,50,0,5,0,5,48.95513564980716
179,instrument_2,operator_1,50,0,5,0,5,45.814051429307426
180,instrument_5,operator_3,50,0,5,0,5,46.41888522336816
181,instrument_3,operator_2,50,0,5,0,5,53.28353905466274
182,instrument_2,operator_3,50,0,5,0,5,65.17992166606822
183,instrument_1,operator_1,50,0,5,0,5,47.72693642443099
184,instrument_4,operator_3,50,0,5,0,5,66.13488739681233
185,instrument_2,operator_1,50,0,5,0,5,34.771073503942524
186,instrument_1,operator_2,50,0,5,0,5,51.18083853761047
187,instrument_4,operator_3,50,0,5,0,5,57.46266466588122
188,instrument_3,operator_1,50,0,5,0,5,53.601376979657964
189,instrument_1,operator_2,50,0,5,0,5,52.3815041662413
190,instrument_2,operator_3,50,0,5,0,5,54.627753141365226
191,instrument_2,operator_3,50,0,5,0,5,44.24252829280802
192,instrument_4,operator_3,50,0,5,0,5,50.657641247659335
193,instrument_3,operator_1,50,0,5,0,5,57.41500592858916
194,instrument_4,operator_2,50,0,5,0,5,42.169519370741206
195,instrument_2,operator_1,50,0,5,0,5,51.72855879729987
196,instrument_5,operator_2,50,0,5,0,5,53.36155957084298
197,instrument_4,operator_1,50,0,5,0,5,31.824651783748582
198,instrument_3,operator_1,50,0,5,0,5,50.574047346820315
199,instrument_5,operator_3,50,0,5,0,5,49.23844957260611
200,instrument_4,operator_3,50,0,5,0,5,49.47746676815435
201,instrument_1,operator_3,50,0,5,0,5,41.49404485234692
202,instrument_4,operator_3,50,0,5,0,5,47.77244431398222
203,instrument_5,operator_1,50,0,5,0,5,46.59519290680715
204,instrument_3,operator_1,50,0,5,0,5,47.4695224878003
205,instrument_3,operator_1,50,0,5,0,5,58.54615513029853
206,instrument_1,operator_2,50,0,5,0,5,55.84643156277089
207,instrument_4,operator_3,50,0,5,0,5,53.33123678343416
208,instrument_2,operator_3,50,0,5,0,5,60.0012691757091
209,instrument_2,operator_1,50,0,5,0,5,53.104103413462816
210,instrument_2,operator_3,50,0,5,0,5,49.63186337087851
211,instrument_3,operator_3,50,0,5,0,5,41.63078979526051
212,instrument_3,operator_2,50,0,5,0,5,53.88178846883096
213,instrument_1,operator_3,50,0,5,0,5,56.00802246583434
214,instrument_3,operator_1,50,0,5,0,5,49.15211911280361
215,instrument_5,operator_2,50,0,5,0,5,57.951749385243545
216,instrument_4,operator_3,50,0,5,0,5,43.864409251567054
217,instrument_2,operator_1,50,0,5,0,5,50.24536507573029
218,instrument_1,operator_1,50,0,5,0,5,53.298658070614756
219,instrument_5,operator_1,50,0,5,0,5,54.79043224115147
220,instrument_4,operator_3,50,0,5,0,5,36.91816133835998
221,instrument_3,operator_2,50,0,5,0,5,50.607579006375694
222,instrument_1,operator_1,50,0,5,0,5,42.214546595747635
223,instrument_3,operator_1,50,0,5,0,5,42.97846342370073
224,instrument_2,operator_3,50,0,5,0,5,46.811275175179816
225,instrument_5,operator_1,50,0,5,0,5,56.63394914197486
226,instrument_4,operator_2,50,0,5,0,5,37.30579085694396
227,instrument_5,operator_1,50,0,5,0,5,44.601288712974025
228,instrument_3,operator_3,50,0,5,0,5,60.85920566120753
229,instrument_5,operator_2,50,0,5,0,5,58.113922613245435
230,instrument_5,operator_2,50,0,5,0,5,55.10816412813986
231,instrument_4,operator_2,50,0,5,0,5,48.86530570778697
232,instrument_5,operator_3,50,0,5,0,5,55.11210361129563
233,instrument_3,operator_2,50,0,5,0,5,64.192720602973
234,instrument_3,operator_2,50,0,5,0,5,56.690962100683336
235,instrument_4,operator_3,50,0,5,0,5,45.25222404986006
236,instrument_2,operator_3,50,0,5,0,5,64.09758499625461
237,instrument_4,operator_2,50,0,5,0,5,52.619461648975694
238,instrument_1,operator_3,50,0,5,0,5,46.72884760622887
239,instrument_4,operator_2,50,0,5,0,5,47.162141227895724
240,instrument_1,operator_2,50,0,5,0,5,42.184242244110806
241,instrument_3,operator_3,50,0,5,0,5,53.63274806453241
242,instrument_4,operator_3,50,0,5,0,5,58.06638229535547
243,instrument_2,operator_3,50,0,5,0,5,50.17487189770979
244,instrument_5,operator_2,50,0,5,0,5,54.33152418351138
245,instrument_2,operator_3,50,0,5,0,5,55.44359340497381
246,instrument_4,operator_3,50,0,5,0,5,44.54128542953474
247,instrument_1,operator_3,50,0,5,0,5,51.93961420643028
248,instrument_2,operator_1,50,0,5,0,5,41.09896093804447
249,instrument_5,operator_1,50,0,5,0,5,44.19216717561442
250,instrument_2,operator_2,50,0,5,0,5,52.85182246574894
251,instrument_5,operator_2,50,0,5,0,5,53.73576554585944
252,instrument_3,operator_3,50,0,5,0,5,39.540987627273516
253,instrument_2,operator_3,50,0,5,0,5,51.60320380895907
254,instrument_1,operator_1,50,0,5,0,5,48.1599810025771
255,instrument_2,operator_2,50,0,5,0,5,44.76892437579435
256,instrument_4,operator_3,50,0,5,0,5,58.13705983664952
257,instrument_2,operator_3,50,0,5,0,5,52.78478717573898
258,instrument_1,operator_3,50,0,5,0,5,57.83105714214802
259,instrument_5,operator_2,50,0,5,0,5,59.04974650435048
260,instrument_2,operator_3,50,0,5,0,5,45.86536745683523
261,instrument_5,operator_1,50,0,5,0,5,40.70651839586747
262,instrument_2,operator_1,50,0,5,0,5,57.5138395482076
263,instrument_2,operator_2,50,0,5,0,5,55.262319645386
264,instrument_3,operator_1,50,0,5,0,5,47.89374790157909
265,instrument_2,operator_1,50,0,5,0,5,42.67706723641989
266,instrument_3,operator_1,50,0,5,0,5,33.58485640302856
267,instrument_5,operator_2,50,0,5,0,5,50.306557566318645
268,instrument_2,operator_1,50,0,5,0,5,46.96853756298323
269,instrument_2,operator_3,50,0,5,0,5,40.905088424336356
270,instrument_1,operator_2,50,0,5,0,5,50.83946404105217
271,instrument_4,operator_1,50,0,5,0,5,57.63103608207083
272,instrument_5,operator_1,50,0,5,0,5,61.835443215740476
273,instrument_4,operator_1,50,0,5,0,5,43.676350375570415
274,instrument_3,operator_2,50,0,5,0,5,55.63044111014446
275,instrument_4,operator_2,50,0,5,0,5,52.628347137102146
276,instrument_5,operator_1,50,0,5,0,5,40.99736159124352
277,instrument_4,operator_3,50,0,5,0,5,41.970389639130616
278,instrument_3,operator_1,50,0,5,0,5,40.88200130809317
279,instrument_5,operator_2,50,0,5,0,5,48.34766891298903
280,instrument_4,operator_1,50,0,5,0,5,44.42512738732944
281,instrument_4,operator_3,50,0,5,0,5,41.99275097341747
282,instrument_3,operator_1,50,0,5,0,5,33.40121295377298
283,instrument_1,operator_3,50,0,5,0,5,50.601179850466764
284,instrument_2,operator_2,50,0,5,0,5,42.340661465507914
285,instrument_5,operator_2,50,0,5,0,5,50.14389772043618
286,instrument_1,operator_2,50,0,5,0,5,63.92076984043083
287,instrument_3,operator_2,50,0,5,0,5,50.826590746083035
288,instrument_3,operator_3,50,0,5,0,5,43.51287836087231
289,instrument_4,operator_2,50,0,5,0,5,53.23911406464487
290,instrument_4,operator_1,50,0,5,0,5,50.21097038601483
291,instrument_3,operator_1,50,0,5,0,5,53.19724698915622
292,instrument_3,operator_1,50,0,5,0,5,63.17150998351691
293,instrument_3,operator_2,50,0,5,0,5,47.520316837043715
294,instrument_3,operator_2,50,0,5,0,5,52.20202488141284
295,instrument_3,operator_3,50,0,5,0,5,57.86439528202809
296,instrument_5,operator_1,50,0,5,0,5,46.650558836466935
297,instrument_4,operator_3,50,0,5,0,5,48.92523344983034
298,instrument_1,operator_3,50,0,5,0,5,41.81435354863759
299,instrument_1,operator_2,50,0,5,0,5,43.47452098373638
300,instrument_2,operator_3,50,0,5,0,5,62.36176123313337
301,instrument_3,operator_2,50,0,5,0,5,53.344393305537004
302,instrument_3,operator_1,50,0,5,0,5,47.18526773502733
303,instrument_1,operator_3,50,0,5,0,5,45.392003823260154
304,instrument_4,operator_1,50,0,5,0,5,46.40379308383238
305,instrument_1,operator_3,50,0,5,0,5,49.862110641120545
306,instrument_5,operator_3,50,0,5,0,5,57.74745344348388
307,instrument_1,operator_3,50,0,5,0,5,49.415143563561195
308,instrument_1,operator_1,50,0,5,0,5,52.75827563939793
309,instrument_2,operator_3,50,0,5,0,5,42.51200256186533
310,instrument_1,operator_3,50,0,5,0,5,61.10646241485237
311,instrument_4,operator_3,50,0,5,0,5,52.01129677425939
312,instrument_3,operator_3,50,0,5,0,5,50.363912608143444
313,instrument_5,operator_2,50,0,5,0,5,49.00322139067378
314,instrument_5,operator_3,50,0,5,0,5,53.73976404486804
315,instrument_5,operator_2,50,0,5,0,5,48.53553054103106
316,instrument_5,operator_1,50,0,5,0,5,56.92163821926751
317,instrument_4,operator_2,50,0,5,0,5,51.702636520857816
318,instrument_2,operator_1,50,0,5,0,5,45.6843618067135
319,instrument_5,operator_2,50,0,5,0,5,47.39028762403743
320,instrument_2,operator_2,50,0,5,0,5,48.69825590160063
321,instrument_5,operator_3,50,0,5,0,5,54.143028279417926
322,instrument_3,operator_3,50,0,5,0,5,46.0883370118745
323,instrument_3,operator_3,50,0,5,0,5,53.09227708648243
324,instrument_3,operator_2,50,0,5,0,5,54.13273248574663
325,instrument_5,operator_2,50,0,5,0,5,43.195350077983754
326,instrument_1,operator_3,50,0,5,0,5,52.791651694164464
327,instrument_5,operator_3,50,0,5,0,5,66.32722339509445
328,instrument_4,operator_1,50,0,5,0,5,57.49379081745467
329,instrument_5,operator_3,50,0,5,0,5,53.97462328442861
330,instrument_1,operator_2,50,0,5,0,5,37.83523295549474
331,instrument_1,operator_3,50,0,5,0,5,45.15033835729015
332,instrument_3,operator_2,50,0,5,0,5,50.36905520227653
333,instrument_2,operator_2,50,0,5,0,5,60.79111271430899
334,instrument_4,operator_3,50,0,5,0,5,34.4644659217689
335,instrument_1,operator_1,50,0,5,0,5,45.84194872370838
336,instrument_3,operator_2,50,0,5,0,5,61.22225972141591
337,instrument_5,operator_2,50,0,5,0,5,55.98206238484585
338,instrument_3,operator_3,50,0,5,0,5,41.55314818109946
339,instrument_1,operator_2,50,0,5,0,5,42.10879796841199
340,instrument_3,operator_1,50,0,5,0,5,55.519552634818226
341,instrument_1,operator_3,50,0,5,0,5,53.47521599175154
342,instrument_4,operator_3,50,0,5,0,5,42.64544523802638
343,instrument_2,operator_2,50,0,5,0,5,52.406792697704795
344,instrument_4,operator_3,50,0,5,0,5,46.42112609445879
345,instrument_2,operator_3,50,0,5,0,5,49.9792893998521
346,instrument_1,operator_2,50,0,5,0,5,35.462298189434
347,instrument_2,operator_1,50,0,5,0,5,47.516075809716895
348,instrument_3,operator_1,50,0,5,0,5,55.38121333788838
349,instrument_4,operator_2,50,0,5,0,5,46.3437260202114
350,instrument_2,operator_1,50,0,5,0,5,55.87707790738349
351,instrument_2,operator_1,50,0,5,0,5,52.42396110960497
352,instrument_3,operator_2,50,0,5,0,5,39.94844278224472
353,instrument_4,operator_2,50,0,5,0,5,42.01541705179835
354,instrument_4,operator_1,50,0,5,0,5,35.85594227116422
355,instrument_1,operator_1,50,0,5,0,5,35.688943156276856
356,instrument_4,operator_3,50,0,5,0,5,47.07430906761551
357,instrument_4,operator_3,50,0,5,0,5,59.61254126930349
358,instrument_3,operator_2,50,0,5,0,5,54.207954993708256
359,instrument_1,operator_1,50,0,5,0,5,51.78318517463492
360,instrument_1,operator_3,50,0,5,0,5,52.199697673164096
361,instrument_3,operator_3,50,0,5,0,5,41.43771795011604
362,instrument_2,operator_1,50,0,5,0,5,55.37645034333018
363,instrument_5,operator_2,50,0,5,0,5,54.574283952381556
364,instrument_5,operator_2,50,0,5,0,5,46.86091973962047
365,instrument_2,operator_3,50,0,5,0,5,37.83862601845247
366,instrument_3,operator_1,50,0,5,0,5,47.932701826047584
367,instrument_1,operator_3,50,0,5,0,5,40.063494203008666
368,instrument_3,operator_3,50,0,5,0,5,48.55863267017053
369,instrument_3,operator_2,50,0,5,0,5,56.29875978273907
370,instrument_3,operator_3,50,0,5,0,5,50.95669699966384
371,instrument_5,operator_3,50,0,5,0,5,57.96934581020838
372,instrument_1,operator_1,50,0,5,0,5,56.03453600045932
373,instrument_1,operator_1,50,0,5,0,5,44.57009868242923
374,instrument_4,operator_2,50,0,5,0,5,44.21034232182198
375,instrument_2,operator_2,50,0,5,0,5,49.97715059407803
376,instrument_1,operator_3,50,0,5,0,5,49.185849093472974
377,instrument_4,operator_3,50,0,5,0,5,46.543993838480596
378,instrument_5,operator_3,50,0,5,0,5,41.771131488509
379,instrument_4,operator_3,50,0,5,0,5,42.923011184268915
380,instrument_1,operator_2,50,0,5,0,5,44.31260734019619
381,instrument_2,operator_1,50,0,5,0,5,64.18297385351627
382,instrument_3,operator_1,50,0,5,0,5,60.43886524356474
383,instrument_1,operator_2,50,0,5,0,5,57.700222539494796
384,instrument_4,operator_2,50,0,5,0,5,49.812734004878
385,instrument_5,operator_1,50,0,5,0,5,55.81805882646549
386,instrument_5,operator_2,50,0,5,0,5,48.124827597416754
387,instrument_4,operator_2,50,0,5,0,5,53.164239656160994
388,instrument_5,operator_1,50,0,5,0,5,40.027922890457404
389,instrument_2,operator_2,50,0,5,0,5,53.42426127293196
390,instrument_4,operator_1,50,0,5,0,5,48.09012463583329
391,instrument_1,operator_2,50,0,5,0,5,40.056506045781816
392,instrument_5,operator_2,50,0,5,0,5,59.33476058476559
393,instrument_3,operator_2,50,0,5,0,5,63.0066087503015
394,instrument_5,operator_2,50,0,5,0,5,41.880925473686375
395,instrument_4,operator_3,50,0,5,0,5,63.9813872604539
396,instrument_4,operator_1,50,0,5,0,5,57.871655828076115
397,instrument_4,operator_3,50,0,5,0,5,57.443197590499544
398,instrument_2,operator_2,50,0,5,0,5,45.32240217708147
399,instrument_2,operator_2,50,0,5,0,5,53.337342020489324
400,instrument_5,operator_2,50,0,5,0,5,54.93996897667785
401,instrument_3,operator_1,50,0,5,0,5,49.45848745559421
402,instrument_1,operator_3,50,0,5,0,5,51.42715583777254
403,instrument_1,operator_2,50,0,5,0,5,55.39415408436905
404,instrument_4,operator_3,50,0,5,0,5,63.7795611947862
405,instrument_1,operator_3,50,0,5,0,5,57.19838350610748
406,instrument_3,operator_2,50,0,5,0,5,59.6051312269004
407,instrument_2,operator_1,50,0,5,0,5,57.239934975184184
408,instrument_4,operator_3,50,0,5,0,5,48.7690359443793
409,instrument_2,operator_3,50,0,5,0,5,41.130606325563335
410,instrument_5,operator_3,50,0,5,0,5,65.49494942863052
411,instrument_1,operator_3,50,0,5,0,5,49.817200903485045
412,instrument_2,operator_3,50,0,5,0,5,50.79313874091627
413,instrument_1,operator_2,50,0,5,0,5,57.61200376631935
414,instrument_3,operator_2,50,0,5,0,5,44.22952429110927
415,instrument_1,operator_2,50,0,5,0,5,44.0293334095666
416,instrument_4,operator_1,50,0,5,0,5,38.87835243093555
417,instrument_5,operator_2,50,0,5,0,5,50.899831350092256
418,instrument_4,operator_3,50,0,5,0,5,48.087922691962625
419,instrument_3,operator_2,50,0,5,0,5,47.00505311819808
420,instrument_3,operator_3,50,0,5,0,5,59.746982621235816
421,instrument_4,operator_1,50,0,5,0,5,36.075868368495065
422,instrument_2,operator_2,50,0,5,0,5,51.60818048156558
423,instrument_5,operator_3,50,0,5,0,5,53.13646529891529
424,instrument_3,operator_3,50,0,5,0,5,49.70969940431052
425,instrument_1,operator_3,50,0,5,0,5,40.02700678259477
426,instrument_3,operator_1,50,0,5,0,5,44.17230006307628
427,instrument_4,operator_3,50,0,5,0,5,51.82015889400862
428,instrument_5,operator_3,50,0,5,0,5,64.31222486568899
429,instrument_3,operator_3,50,0,5,0,5,64.69656849833645
430,instrument_4,operator_3,50,0,5,0,5,45.30691307526029
431,instrument_2,operator_1,50,0,5,0,5,47.05678137234583
432,instrument_4,operator_2,50,0,5,0,5,51.96133675671898
433,instrument_1,operator_1,50,0,5,0,5,50.946454757828086
434,instrument_4,operator_1,50,0,5,0,5,44.58092265168767
435,instrument_1,operator_3,50,0,5,0,5,42.15044719602584
436,instrument_3,operator_3,50,0,5,0,5,62.792021590530155
437,instrument_5,operator_2,50,0,5,0,5,35.077253494204164
438,instrument_5,operator_1,50,0,5,0,5,41.850139469371456
439,instrument_1,operator_1,50,0,5,0,5,41.14102783405602
440,instrument_1,operator_2,50,0,5,0,5,43.49668496475392
441,instrument_5,operator_1,50,0,5,0,5,49.45101708755162
442,instrument_2,operator_1,50,0,5,0,5,43.507854551651995
443,instrument_3,operator_3,50,0,5,0,5,40.72639384103707
444,instrument_4,operator_1,50,0,5,0,5,60.70137876491341
445,instrument_3,operator_2,50,0,5,0,5,40.88230621757554
446,instrument_4,operator_2,50,0,5,0,5,48.27071542832506
447,instrument_1,operator_1,50,0,5,0,5,56.317652806424334
448,instrument_2,operator_1,50,0,5,0,5,57.68853117448819
449,instrument_2,operator_2,50,0,5,0,5,48.80876083954091
450,instrument_2,operator_1,50,0,5,0,5,34.402197804439425
451,instrument_3,operator_2,50,0,5,0,5,53.976066054541704
452,instrument_3,operator_2,50,0,5,0,5,49.34343564104916
453,instrument_5,operator_1,50,0,5,0,5,45.62188871568004
454,instrument_2,operator_1,50,0,5,0,5,63.93610649296944
455,instrument_1,operator_3,50,0,5,0,5,42.972285507715974
456,instrument_5,operator_3,50,0,5,0,5,53.557218074221566
457,instrument_4,operator_2,50,0,5,0,5,45.02151564474176
458,instrument_1,operator_1,50,0,5,0,5,57.7825506792586
459,instrument_1,operator_3,50,0,5,0,5,56.50581106808973
460,instrument_4,operator_2,50,0,5,0,5,50.04800226018276
461,instrument_4,operator_3,50,0,5,0,5,42.9578499735554
462,instrument_1,operator_1,50,0,5,0,5,44.15396458601416
463,instrument_3,operator_2,50,0,5,0,5,49.547327203042066
464,instrument_5,operator_2,50,0,5,0,5,51.406051406617046
465,instrument_2,operator_2,50,0,5,0,5,45.4284517166243
466,instrument_3,operator_2,50,0,5,0,5,50.38848125739188
467,instrument_2,operator_2,50,0,5,0,5,53.462108396937346
468,instrument_4,operator_3,50,0,5,0,5,62.40853543628192
469,instrument_4,operator_1,50,0,5,0,5,49.06438978775081
470,instrument_3,operator_2,50,0,5,0,5,48.103029523105654
471,instrument_2,operator_2,50,0,5,0,5,61.29544502274159
472,instrument_5,operator_3,50,0,5,0,5,42.14095864613114
473,instrument_2,operator_1,50,0,5,0,5,47.70320370733484
474,instrument_1,operator_2,50,0,5,0,5,53.22795317552085
475,instrument_1,operator_2,50,0,5,0,5,63.763637760429354
476,instrument_4,operator_1,50,0,5,0,5,43.23141055027826
477,instrument_2,operator_1,50,0,5,0,5,49.18424940557609
478,instrument_3,operator_1,50,0,5,0,5,66.59613293619294
479,instrument_3,operator_3,50,0,5,0,5,51.728286469047596
480,instrument_4,operator_1,50,0,5,0,5,45.2146696636688
481,instrument_3,operator_1,50,0,5,0,5,36.338042338005586
482,instrument_2,operator_2,50,0,5,0,5,69.2205239227506
483,instrument_2,operator_1,50,0,5,0,5,53.784967288572666
484,instrument_5,operator_2,50,0,5,0,5,39.0579939853955
485,instrument_1,operator_3,50,0,5,0,5,55.03577132874592
486,instrument_5,operator_3,50,0,5,0,5,46.52578936391266
487,instrument_5,operator_1,50,0,5,0,5,43.03677240271209
488,instrument_2,operator_1,50,0,5,0,5,66.85643293683617
489,instrument_3,operator_3,50,0,5,0,5,49.84127890364696
490,instrument_4,operator_3,50,0,5,0,5,42.54401203222892
491,instrument_3,operator_3,50,0,5,0,5,39.38094854337957
492,instrument_4,operator_2,50,0,5,0,5,55.181862973445526
493,instrument_4,operator_2,50,0,5,0,5,41.88200883044638
494,instrument_4,operator_1,50,0,5,0,5,45.55382831281422
495,instrument_4,operator_1,50,0,5,0,5,59.49050980088882
496,instrument_5,operator_3,50,0,5,0,5,53.80196590870963
497,instrument_1,operator_3,50,0,5,0,5,49.068989694955384
498,instrument_4,operator_1,50,0,5,0,5,46.0371516227651
499,instrument_4,operator_2,50,0,5,0,5,50.06961902479429
500,instrument_4,operator_2,50,0,5,0,5,47.85461539533363
501,instrument_2,operator_1,50,0,5,0,5,53.700419504577106
502,instrument_1,operator_3,50,0,5,0,5,54.49528179822586
503,instrument_5,operator_3,50,0,5,0,5,49.56345635753802
504,instrument_5,operator_3,50,0,5,0,5,58.870431336297955
505,instrument_2,operator_2,50,0,5,0,5,37.522885598075206
506,instrument_5,operator_2,50,0,5,0,5,73.20589781572482
507,instrument_1,operator_1,50,0,5,0,5,49.03442108592807
508,instrument_5,operator_1,50,0,5,0,5,50.31790625793804
509,instrument_5,operator_1,50,0,5,0,5,53.77548889450898
510,instrument_3,operator_2,50,0,5,0,5,53.15695548059238
511,instrument_3,operator_3,50,0,5,0,5,51.64095686278746
512,instrument_1,operator_3,50,0,5,0,5,54.67655072432078
513,instrument_3,operator_2,50,0,5,0,5,45.72640785727993
514,instrument_4,operator_1,50,0,5,0,5,50.34538029964337
515,instrument_2,operator_2,50,0,5,0,5,51.84627948619573
516,instrument_4,operator_1,50,0,5,0,5,58.83299485132961
517,instrument_2,operator_3,50,0,5,0,5,51.51755898906244
518,instrument_1,operator_2,50,0,5,0,5,48.906217210559554
519,instrument_1,operator_3,50,0,5,0,5,52.06343195476009
520,instrument_1,operator_3,50,0,5,0,5,54.71678981856399
521,instrument_4,operator_2,50,0,5,0,5,47.22697190286639
522,instrument_5,operator_2,50,0,5,0,5,42.133729924965486
523,instrument_1,operator_3,50,0,5,0,5,52.10996095500759
524,instrument_3,operator_3,50,0,5,0,5,53.15831802074738
525,instrument_3,operator_1,50,0,5,0,5,50.23301708861515
526,instrument_5,operator_3,50,0,5,0,5,46.090910259377104
527,instrument_2,operator_1,50,0,5,0,5,50.39369601677599
528,instrument_4,operator_1,50,0,5,0,5,34.98485347139049
529,instrument_1,operator_2,50,0,5,0,5,40.54773794040964
530,instrument_3,operator_3,50,0,5,0,5,44.85026119431555
531,instrument_4,operator_1,50,0,5,0,5,46.75513289504468
532,instrument_1,operator_3,50,0,5,0,5,34.95620457049346
533,instrument_1,operator_2,50,0,5,0,5,50.685149911539575
534,instrument_1,operator_2,50,0,5,0,5,69.79704949013254
535,instrument_5,operator_1,50,0,5,0,5,54.679268171175856
536,instrument_4,operator_1,50,0,5,0,5,60.737231960476464
537,instrument_2,operator_2,50,0,5,0,5,52.881284157391775
538,instrument_2,operator_1,50,0,5,0,5,47.853972414654486
539,instrument_3,operator_1,50,0,5,0,5,46.57919845772567
540,instrument_3,operator_3,50,0,5,0,5,40.439879960113416
541,instrument_1,operator_1,50,0,5,0,5,58.74457714351051
542,instrument_4,operator_3,50,0,5,0,5,50.47800661608541
543,instrument_1,operator_3,50,0,5,0,5,42.82953082389439
544,instrument_2,operator_1,50,0,5,0,5,53.58111742092894
545,instrument_3,operator_3,50,0,5,0,5,42.887099202504515
546,instrument_1,operator_1,50,0,5,0,5,51.83295882299706
547,instrument_4,operator_3,50,0,5,0,5,58.26931766133216
548,instrument_2,operator_1,50,0,5,0,5,53.3467400346383
549,instrument_1,operator_3,50,0,5,0,5,47.43731100159919
550,instrument_1,operator_2,50,0,5,0,5,51.17678445145701
551,instrument_4,operator_1,50,0,5,0,5,54.14123448723798
552,instrument_3,operator_1,50,0,5,0,5,46.59519233959998
553,instrument_4,operator_3,50,0,5,0,5,48.9930561227005
554,instrument_3,operator_3,50,0,5,0,5,40.40881945238496
555,instrument_3,operator_2,50,0,5,0,5,40.084195915467504
556,instrument_2,operator_2,50,0,5,0,5,45.71036831994337
557,instrument_1,operator_3,50,0,5,0,5,50.52449161534288
558,instrument_3,operator_2,50,0,5,0,5,63.564706461379856
559,instrument_2,operator_2,50,0,5,0,5,53.02900549136491
560,instrument_1,operator_3,50,0,5,0,5,45.64461878588149
561,instrument_2,operator_2,50,0,5,0,5,58.55000975304279
562,instrument_5,operator_3,50,0,5,0,5,43.48103371373383
563,instrument_5,operator_1,50,0,5,0,5,43.97640752638538
564,instrument_2,operator_1,50,0,5,0,5,58.936988155824096
565,instrument_4,operator_2,50,0,5,0,5,55.86140329238275
566,instrument_2,operator_3,50,0,5,0,5,61.48806236469962
567,instrument_1,operator_3,50,0,5,0,5,45.80909295020019
568,instrument_4,operator_1,50,0,5,0,5,42.35698839896379
569,instrument_5,operator_2,50,0,5,0,5,59.77141268429902
570,instrument_5,operator_3,50,0,5,0,5,58.58500719877849
571,instrument_3,operator_1,50,0,5,0,5,55.1383684907596
572,instrument_5,operator_3,50,0,5,0,5,54.18484970920565
573,instrument_1,operator_1,50,0,5,0,5,36.192739320882396
574,instrument_1,operator_3,50,0,5,0,5,57.413289686659475
575,instrument_3,operator_3,50,0,5,0,5,43.910860621113
576,instrument_5,operator_2,50,0,5,0,5,35.265694794413704
577,instrument_5,operator_3,50,0,5,0,5,37.7230904494725
578,instrument_5,operator_1,50,0,5,0,5,53.33212500371349
579,instrument_2,operator_3,50,0,5,0,5,40.16394225737338
580,instrument_4,operator_2,50,0,5,0,5,57.41223152765733
581,instrument_2,operator_2,50,0,5,0,5,51.22952068910573
582,instrument_5,operator_2,50,0,5,0,5,51.91207396865015
583,instrument_5,operator_2,50,0,5,0,5,66.50902919365218
584,instrument_4,operator_2,50,0,5,0,5,51.755589016217996
585,instrument_1,operator_2,50,0,5,0,5,56.64228512942923
586,instrument_3,operator_3,50,0,5,0,5,67.52813325587591
587,instrument_3,operator_1,50,0,5,0,5,61.381815435976925
588,instrument_3,operator_3,50,0,5,0,5,43.98793551248399
589,instrument_5,operator_2,50,0,5,0,5,57.91230708345642
590,instrument_1,operator_3,50,0,5,0,5,52.711085973550304
591,instrument_5,operator_2,50,0,5,0,5,49.38512547781973
592,instrument_5,operator_1,50,0,5,0,5,46.488381411115746
593,instrument_1,operator_3,50,0,5,0,5,51.560641777492336
594,instrument_3,operator_2,50,0,5,0,5,54.3805550499376
595,instrument_1,operator_2,50,0,5,0,5,45.70146565419224
596,instrument_4,operator_3,50,0,5,0,5,48.243903876273315
597,instrument_4,operator_2,50,0,5,0,5,47.80872018196109
598,instrument_1,operator_2,50,0,5,0,5,61.935365373684384
599,instrument_4,operator_1,50,0,5,0,5,43.71604363768684
600,instrument_1,operator_2,50,0,5,0,5,34.47415843936502
601,instrument_2,operator_3,50,0,5,0,5,58.222151660413274
602,instrument_4,operator_2,50,0,5,0,5,55.268481948500785
603,instrument_3,operator_2,50,0,5,0,5,45.051937845634704
604,instrument_4,operator_1,50,0,5,0,5,45.33480465278669
605,instrument_2,operator_3,50,0,5,0,5,58.08530711138231
606,instrument_3,operator_1,50,0,5,0,5,42.874594422476754
607,instrument_3,operator_1,50,0,5,0,5,47.96999873570602
608,instrument_5,operator_2,50,0,5,0,5,63.97099678341166
609,instrument_2,operator_2,50,0,5,0,5,52.51593697737377
610,instrument_5,operator_1,50,0,5,0,5,56.52663489029113
611,instrument_4,operator_2,50,0,5,0,5,66.64555357982925
612,instrument_2,operator_3,50,0,5,0,5,49.585165904762064
613,instrument_2,operator_1,50,0,5,0,5,45.60795645898477
614,instrument_1,operator_2,50,0,5,0,5,47.802219341686
615,instrument_1,operator_2,50,0,5,0,5,48.01503866779109
616,instrument_1,operator_1,50,0,5,0,5,46.9061354704199
617,instrument_3,operator_2,50,0,5,0,5,61.025624180389975
618,instrument_5,operator_3,50,0,5,0,5,54.59089134708432
619,instrument_4,operator_2,50,0,5,0,5,50.5724727179216
620,instrument_1,operator_2,50,0,5,0,5,58.5366751753039
621,instrument_1,operator_1,50,0,5,0,5,54.69463631144488
622,instrument_1,operator_2,50,0,5,0,5,52.5510457585652
623,instrument_2,operator_3,50,0,5,0,5,42.59601128509725
624,instrument_1,operator_1,50,0,5,0,5,31.605133100548663
625,instrument_2,operator_1,50,0,5,0,5,42.3752274442317
626,instrument_5,operator_3,50,0,5,0,5,47.30867630994851
627,instrument_2,operator_1,50,0,5,0,5,55.68413307751483
628,instrument_3,operator_3,50,0,5,0,5,47.23140500812143
629,instrument_2,operator_3,50,0,5,0,5,42.518749566797645
630,instrument_5,operator_2,50,0,5,0,5,53.3266302448859
631,instrument_3,operator_2,50,0,5,0,5,48.149022667818635
632,instrument_4,operator_2,50,0,5,0,5,54.054698078634544
633,instrument_2,operator_3,50,0,5,0,5,53.722234883955295
634,instrument_4,operator_1,50,0,5,0,5,48.80012098273112
635,instrument_5,operator_3,50,0,5,0,5,54.23740742181046
636,instrument_2,operator_2,50,0,5,0,5,55.78472424519141
637,instrument_5,operator_3,50,0,5,0,5,70.45922074861568
638,instrument_3,operator_2,50,0,5,0,5,42.45534890761435
639,instrument_4,operator_1,50,0,5,0,5,52.263799976522755
640,instrument_4,operator_3,50,0,5,0,5,51.46751654295792
641,instrument_3,operator_3,50,0,5,0,5,54.929968820809556
642,instrument_2,operator_2,50,0,5,0,5,38.33864154819676
643,instrument_1,operator_3,50,0,5,0,5,46.33656262955873
644,instrument_4,operator_1,50,0,5,0,5,35.22600971443248
645,instrument_4,operator_3,50,0,5,0,5,57.71977159446671
646,instrument_2,operator_2,50,0,5,0,5,61.75995105012517
647,instrument_3,operator_3,50,0,5,0,5,48.037796881965576
648,instrument_1,operator_3,50,0,5,0,5,43.252611842491675
649,instrument_4,operator_1,50,0,5,0,5,65.45492741848552
650,instrument_1,operator_1,50,0,5,0,5,62.69258534583373
651,instrument_3,operator_3,50,0,5,0,5,44.205654295733346
652,instrument_5,operator_1,50,0,5,0,5,44.561497381384235
653,instrument_3,operator_2,50,0,5,0,5,37.338915977039164
654,instrument_3,operator_2,50,0,5,0,5,40.28729077233558
655,instrument_5,operator_2,50,0,5,0,5,39.458390826019404
656,instrument_3,operator_1,50,0,5,0,5,55.37874387111151
657,instrument_3,operator_1,50,0,5,0,5,50.67973622381906
658,instrument_4,operator_2,50,0,5,0,5,42.49122126131649
659,instrument_3,operator_2,50,0,5,0,5,42.12413060154443
660,instrument_1,operator_2,50,0,5,0,5,65.59266065007486
661,instrument_4,operator_3,50,0,5,0,5,53.80724688906313
662,instrument_5,operator_3,50,0,5,0,5,50.661741450442804
663,instrument_5,operator_3,50,0,5,0,5,46.36797981856494
664,instrument_1,operator_1,50,0,5,0,5,48.86812834520877
665,instrument_3,operator_3,50,0,5,0,5,50.28443145694596
666,instrument_1,operator_2,50,0,5,0,5,60.909402777378375
667,instrument_4,operator_1,50,0,5,0,5,57.30109507004988
668,instrument_2,operator_2,50,0,5,0,5,45.23770093584007
669,instrument_3,operator_2,50,0,5,0,5,42.99209597262635
670,instrument_3,operator_2,50,0,5,0,5,49.85823617268379
671,instrument_5,operator_1,50,0,5,0,5,55.7622985317627
672,instrument_2,operator_3,50,0,5,0,5,58.99146341269446
673,instrument_3,operator_1,50,0,5,0,5,47.13022158735831
674,instrument_1,operator_3,50,0,5,0,5,40.57765009083628
675,instrument_5,operator_3,50,0,5,0,5,58.54046114054032
676,instrument_2,operator_1,50,0,5,0,5,46.4109945151211
677,instrument_2,operator_2,50,0,5,0,5,46.20424491448207
678,instrument_1,operator_3,50,0,5,0,5,51.350686957605056
679,instrument_3,operator_2,50,0,5,0,5,54.62349492356157
680,instrument_3,operator_2,50,0,5,0,5,67.78892914425545
681,instrument_5,operator_1,50,0,5,0,5,45.91715458616531
682,instrument_3,operator_3,50,0,5,0,5,58.37419958531555
683,instrument_1,operator_1,50,0,5,0,5,46.74896293708835
684,instrument_1,operator_3,50,0,5,0,5,43.85422451835474
685,instrument_3,operator_3,50,0,5,0,5,51.91290357202418
686,instrument_4,operator_2,50,0,5,0,5,46.75642303701056
687,instrument_5,operator_2,50,0,5,0,5,35.09519178289217
688,instrument_3,operator_1,50,0,5,0,5,50.249064038380496
689,instrument_3,operator_3,50,0,5,0,5,46.217584123952484
690,instrument_3,operator_2,50,0,5,0,5,56.54494654582535
691,instrument_1,operator_1,50,0,5,0,5,53.102030142440576
692,instrument_5,operator_3,50,0,5,0,5,54.64371396103774
693,instrument_4,operator_3,50,0,5,0,5,59.477716955730585
694,instrument_3,operator_1,50,0,5,0,5,56.82736610851154
695,instrument_2,operator_2,50,0,5,0,5,60.19098185385853
696,instrument_4,operator_3,50,0,5,0,5,48.83899103000793
697,instrument_5,operator_2,50,0,5,0,5,56.507661595404684
698,instrument_4,operator_1,50,0,5,0,5,55.00799868139393
699,instrument_5,operator_1,50,0,5,0,5,43.15688518908712
700,instrument_2,operator_1,50,0,5,0,5,51.84605698718662
701,instrument_5,operator_1,50,0,5,0,5,61.07833330961941
702,instrument_1,operator_2,50,0,5,0,5,57.63725878992409
703,instrument_2,operator_2,50,0,5,0,5,44.66581873666622
704,instrument_3,operator_3,50,0,5,0,5,34.894971733021585
705,instrument_2,operator_2,50,0,5,0,5,54.42971957545471
706,instrument_4,operator_2,50,0,5,0,5,50.39040702604181
707,instrument_2,operator_1,50,0,5,0,5,58.36343361002231
708,instrument_1,operator_2,50,0,5,0,5,46.43473858692856
709,instrument_3,operator_3,50,0,5,0,5,47.80230606212031
710,instrument_3,operator_2,50,0,5,0,5,38.20259738521293
711,instrument_2,operator_3,50,0,5,0,5,46.62400555138685
712,instrument_4,operator_2,50,0,5,0,5,49.80529697715693
713,instrument_2,operator_3,50,0,5,0,5,63.64285789516527
714,instrument_3,operator_1,50,0,5,0,5,47.25506566430819
715,instrument_2,operator_3,50,0,5,0,5,53.53507546286242
716,instrument_1,operator_2,50,0,5,0,5,54.61108927854554
717,instrument_3,operator_3,50,0,5,0,5,53.20933576609853
718,instrument_1,operator_1,50,0,5,0,5,63.964824310776066
719,instrument_1,operator_2,50,0,5,0,5,67.05145219334123
720,instrument_3,operator_2,50,0,5,0,5,53.350482593684234
721,instrument_4,operator_3,50,0,5,0,5,52.992349782491154
722,instrument_3,operator_2,50,0,5,0,5,49.5851633119744
723,instrument_2,operator_2,50,0,5,0,5,62.588808901559645
724,instrument_1,operator_2,50,0,5,0,5,49.702457997750756
725,instrument_2,operator_3,50,0,5,0,5,40.70871901624861
726,instrument_2,operator_2,50,0,5,0,5,47.469864794617486
727,instrument_3,operator_1,50,0,5,0,5,60.112708519613584
728,instrument_3,operator_2,50,0,5,0,5,41.76575410891065
729,instrument_1,operator_2,50,0,5,0,5,52.042115101085926
730,instrument_2,operator_2,50,0,5,0,5,51.38949202802579
731,instrument_3,operator_1,50,0,5,0,5,49.06838062660827
732,instrument_1,operator_1,50,0,5,0,5,43.14022783132437
733,instrument_2,operator_2,50,0,5,0,5,60.47477784484083
734,instrument_3,operator_3,50,0,5,0,5,51.68012110352333
735,instrument_5,operator_3,50,0,5,0,5,51.29007862680592
736,instrument_2,operator_2,50,0,5,0,5,61.19904063932277
737,instrument_3,operator_2,50,0,5,0,5,73.38159860517321
738,instrument_4,operator_2,50,0,5,0,5,42.82142196840648
739,instrument_3,operator_2,50,0,5,0,5,46.10592286650205
740,instrument_4,operator_1,50,0,5,0,5,37.611235748583226
741,instrument_2,operator_1,50,0,5,0,5,63.05120611671463
742,instrument_2,operator_3,50,0,5,0,5,51.73945165604379
743,instrument_4,operator_2,50,0,5,0,5,42.86747899597025
744,instrument_3,operator_3,50,0,5,0,5,57.485825597124425
745,instrument_2,operator_2,50,0,5,0,5,59.511501698224706
746,instrument_5,operator_1,50,0,5,0,5,59.20479379910979
747,instrument_1,operator_3,50,0,5,0,5,57.73042230011115
748,instrument_1,operator_3,50,0,5,0,5,52.62839273554281
749,instrument_4,operator_2,50,0,5,0,5,47.281338921018836
750,instrument_4,operator_3,50,0,5,0,5,59.33483825974604
751,instrument_2,operator_2,50,0,5,0,5,38.756280807869786
752,instrument_1,operator_3,50,0,5,0,5,53.45013023659865
753,instrument_3,operator_2,50,0,5,0,5,45.25371899809869
754,instrument_2,operator_1,50,0,5,0,5,51.304948582492614
755,instrument_1,operator_3,50,0,5,0,5,46.6799433127517
756,instrument_5,operator_2,50,0,5,0,5,51.46629140716418
757,instrument_1,operator_2,50,0,5,0,5,64.41397314160358
758,instrument_1,operator_1,50,0,5,0,5,50.62822475059607
759,instrument_1,operator_3,50,0,5,0,5,60.1437926906985
760,instrument_2,operator_2,50,0,5,0,5,55.27598161939845
761,instrument_5,operator_2,50,0,5,0,5,54.20655575366756
762,instrument_2,operator_3,50,0,5,0,5,44.18011814161165
763,instrument_4,operator_3,50,0,5,0,5,49.68316530523417
764,instrument_2,operator_2,50,0,5,0,5,51.87249175247795
765,instrument_2,operator_3,50,0,5,0,5,52.54265160139508
766,instrument_3,operator_1,50,0,5,0,5,48.31588747478511
767,instrument_1,operator_2,50,0,5,0,5,52.01769306479594
768,instrument_2,operator_3,50,0,5,0,5,47.7381286245943
769,instrument_1,operator_3,50,0,5,0,5,62.78425131559669
770,instrument_1,operator_1,50,0,5,0,5,49.87034984660655
771,instrument_1,operator_3,50,0,5,0,5,37.05508219428513
772,instrument_3,operator_3,50,0,5,0,5,52.738403252278985
773,instrument_3,operator_3,50,0,5,0,5,51.25228632510644
774,instrument_4,operator_3,50,0,5,0,5,33.41045882526129
775,instrument_3,operator_2,50,0,5,0,5,39.311034717985876
776,instrument_1,operator_2,50,0,5,0,5,57.08541680437043
777,instrument_2,operator_1,50,0,5,0,5,47.91207568024942
778,instrument_4,operator_2,50,0,5,0,5,57.679202864847355
779,instrument_2,operator_2,50,0,5,0,5,44.781865900490004
780,instrument_5,operator_1,50,0,5,0,5,59.70334902118398
781,instrument_3,operator_3,50,0,5,0,5,38.696508106776406
782,instrument_2,operator_1,50,0,5,0,5,47.0153236860626
783,instrument_2,operator_1,50,0,5,0,5,44.30965177431748
784,instrument_4,operator_2,50,0,5,0,5,51.638854867308716
785,instrument_5,operator_2,50,0,5,0,5,34.88179735511893
786,instrument_1,operator_3,50,0,5,0,5,62.376672618886445
787,instrument_4,operator_1,50,0,5,0,5,49.47174318638269
788,instrument_1,operator_2,50,0,5,0,5,46.77954635283699
789,instrument_3,operator_1,50,0,5,0,5,46.33442188416369
790,instrument_4,operator_2,50,0,5,0,5,35.99829717932958
791,instrument_3,operator_3,50,0,5,0,5,48.629790095544514
792,instrument_4,operator_2,50,0,5,0,5,40.68610959011538
793,instrument_3,operator_3,50,0,5,0,5,46.81185334143192
794,instrument_3,operator_2,50,0,5,0,5,65.08582540262884
795,instrument_1,operator_1,50,0,5,0,5,57.51981427177462
796,instrument_3,operator_2,50,0,5,0,5,48.323378247561315
797,instrument_4,operator_1,50,0,5,0,5,50.7544072430361
798,instrument_4,operator_1,50,0,5,0,5,58.558369700648036
799,instrument_4,operator_1,50,0,5,0,5,50.38619361570207
800,instrument_1,operator_3,50,0,5,0,5,34.36870956088006
801,instrument_2,operator_3,50,0,5,0,5,56.29933002062931
802,instrument_5,operator_1,50,0,5,0,5,38.53161959700265
803,instrument_1,operator_3,50,0,5,0,5,41.44054501490602
804,instrument_3,operator_2,50,0,5,0,5,64.99918595067088
805,instrument_2,operator_3,50,0,5,0,5,63.12457310552734
806,instrument_5,operator_2,50,0,5,0,5,55.568343095025824
807,instrument_1,operator_3,50,0,5,0,5,52.92890475101899
808,instrument_2,operator_1,50,0,5,0,5,54.133050982468234
809,instrument_4,operator_2,50,0,5,0,5,45.88397763687521
810,instrument_3,operator_3,50,0,5,0,5,52.22501645254655
811,instrument_5,operator_3,50,0,5,0,5,48.06193812969899
812,instrument_2,operator_3,50,0,5,0,5,42.470066561007265
813,instrument_4,operator_3,50,0,5,0,5,56.414579937063465
814,instrument_2,operator_3,50,0,5,0,5,47.59980941024453
815,instrument_5,operator_3,50,0,5,0,5,47.32404761040833
816,instrument_5,operator_2,50,0,5,0,5,36.79304737693177
817,instrument_5,operator_1,50,0,5,0,5,59.04548204083738
818,instrument_3,operator_2,50,0,5,0,5,45.194732857701084
819,instrument_1,operator_2,50,0,5,0,5,51.15144745527859
820,instrument_5,operator_2,50,0,5,0,5,51.99355106360746
821,instrument_4,operator_1,50,0,5,0,5,43.19436201507527
822,instrument_3,operator_3,50,0,5,0,5,60.12586824911015
823,instrument_1,operator_3,50,0,5,0,5,49.4581266279829
824,instrument_1,operator_3,50,0,5,0,5,45.83892690271918
825,instrument_1,operator_1,50,0,5,0,5,51.03523789684506
826,instrument_2,operator_2,50,0,5,0,5,38.19713902383411
827,instrument_2,operator_1,50,0,5,0,5,37.508708450810715
828,instrument_2,operator_1,50,0,5,0,5,61.28465252648488
829,instrument_2,operator_2,50,0,5,0,5,50.25059827320022
830,instrument_4,operator_1,50,0,5,0,5,43.22710766814103
831,instrument_4,operator_2,50,0,5,0,5,41.20512703995347
832,instrument_4,operator_2,50,0,5,0,5,48.08213138259353
833,instrument_2,operator_3,50,0,5,0,5,42.149297827765956
834,instrument_4,operator_3,50,0,5,0,5,52.736822894306925
835,instrument_2,operator_1,50,0,5,0,5,51.4698565628315
836,instrument_1,operator_3,50,0,5,0,5,51.45394344125988
837,instrument_3,operator_2,50,0,5,0,5,53.18943282596352
838,instrument_4,operator_2,50,0,5,0,5,59.28379499888531
839,instrument_2,operator_3,50,0,5,0,5,55.015653969915306
840,instrument_3,operator_2,50,0,5,0,5,42.30545947717065
841,instrument_2,operator_1,50,0,5,0,5,53.186129017772835
842,instrument_1,operator_2,50,0,5,0,5,35.997142184467165
843,instrument_4,operator_2,50,0,5,0,5,47.30743193986667
844,instrument_1,operator_1,50,0,5,0,5,46.016479705274286
845,instrument_5,operator_2,50,0,5,0,5,48.07246528225704
846,instrument_5,operator_2,50,0,5,0,5,57.6138385823549
847,instrument_5,operator_3,50,0,5,0,5,48.87821177907572
848,instrument_2,operator_1,50,0,5,0,5,53.797625559847084
849,instrument_3,operator_2,50,0,5,0,5,43.094483100168034
850,instrument_4,operator_3,50,0,5,0,5,55.49566956149505
851,instrument_2,operator_1,50,0,5,0,5,48.51403063082668
852,instrument_4,operator_1,50,0,5,0,5,58.09086779694058
853,instrument_1,operator_2,50,0,5,0,5,55.25767265594813
854,instrument_4,operator_2,50,0,5,0,5,43.01365271084915
855,instrument_1,operator_2,50,0,5,0,5,57.42207222526434
856,instrument_1,operator_1,50,0,5,0,5,49.46627089072682
857,instrument_3,operator_2,50,0,5,0,5,57.070147603460235
858,instrument_5,operator_1,50,0,5,0,5,60.89345520609643
859,instrument_3,operator_3,50,0,5,0,5,49.45430115870729
860,instrument_2,operator_1,50,0,5,0,5,55.52586073094663
861,instrument_1,operator_3,50,0,5,0,5,47.154961811600735
862,instrument_4,operator_3,50,0,5,0,5,41.903356542817555
863,instrument_4,operator_3,50,0,5,0,5,39.966593018121614
864,instrument_3,operator_3,50,0,5,0,5,46.48053096503598
865,instrument_3,operator_2,50,0,5,0,5,55.743408227043524
866,instrument_4,operator_2,50,0,5,0,5,54.606035537760874
867,instrument_1,operator_3,50,0,5,0,5,44.187245680391
868,instrument_2,operator_2,50,0,5,0,5,54.41012830673928
869,instrument_1,operator_2,50,0,5,0,5,45.098353180644786
870,instrument_2,operator_1,50,0,5,0,5,54.648427969211305
871,instrument_1,operator_1,50,0,5,0,5,52.560788341295165
872,instrument_2,operator_3,50,0,5,0,5,41.773998410591645
873,instrument_2,operator_2,50,0,5,0,5,55.3723515077287
874,instrument_2,operator_2,50,0,5,0,5,39.845950699705
875,instrument_3,operator_1,50,0,5,0,5,34.73243441349557
876,instrument_4,operator_3,50,0,5,0,5,63.95561547154442
877,instrument_1,operator_2,50,0,5,0,5,45.41812193209069
878,instrument_5,operator_1,50,0,5,0,5,44.68416382441051
879,instrument_3,operator_2,50,0,5,0,5,60.68111313053243
880,instrument_1,operator_3,50,0,5,0,5,53.76205340643512
881,instrument_2,operator_1,50,0,5,0,5,60.34532642700453
882,instrument_3,operator_3,50,0,5,0,5,53.40189598140248
883,instrument_5,operator_1,50,0,5,0,5,48.10988887865382
884,instrument_1,operator_2,50,0,5,0,5,53.89099473920469
885,instrument_3,operator_2,50,0,5,0,5,67.62211283985707
886,instrument_2,operator_2,50,0,5,0,5,58.76231885999158
887,instrument_4,operator_3,50,0,5,0,5,33.47578442226647
888,instrument_2,operator_1,50,0,5,0,5,50.73411003559275
889,instrument_1,operator_3,50,0,5,0,5,30.847219625665677
890,instrument_5,operator_2,50,0,5,0,5,48.998482054342055
891,instrument_4,operator_1,50,0,5,0,5,53.49579800179282
892,instrument_3,operator_1,50,0,5,0,5,62.171273400319016
893,instrument_3,operator_2,50,0,5,0,5,45.8873606935355
894,instrument_5,operator_1,50,0,5,0,5,54.06621132133435
895,instrument_5,operator_2,50,0,5,0,5,55.59344635300299
896,instrument_4,operator_2,50,0,5,0,5,41.726882958543314
897,instrument_3,operator_2,50,0,5,0,5,50.98903827395852
898,instrument_5,operator_2,50,0,5,0,5,44.55744214366827
899,instrument_5,operator_3,50,0,5,0,5,41.930858949695256
900,instrument_5,operator_1,50,0,5,0,5,67.00312923732164
901,instrument_2,operator_2,50,0,5,0,5,46.493127806995474
902,instrument_5,operator_1,50,0,5,0,5,50.817188589922466
903,instrument_5,operator_3,50,0,5,0,5,41.27941389989982
904,instrument_1,operator_1,50,0,5,0,5,46.6081738428405
905,instrument_5,operator_2,50,0,5,0,5,49.08106145667253
906,instrument_4,operator_3,50,0,5,0,5,56.2387639398394
907,instrument_1,operator_3,50,0,5,0,5,38.935585710763334
908,instrument_5,operator_2,50,0,5,0,5,56.51927189185886
909,instrument_2,operator_3,50,0,5,0,5,46.63889029914075
910,instrument_5,operator_1,50,0,5,0,5,50.19345928058111
911,instrument_5,operator_2,50,0,5,0,5,55.49210511888797
912,instrument_5,operator_2,50,0,5,0,5,54.95909312284464
913,instrument_1,operator_2,50,0,5,0,5,41.89333370545309
914,instrument_3,operator_3,50,0,5,0,5,62.49991428547634
915,instrument_4,operator_3,50,0,5,0,5,46.75789925667849
916,instrument_4,operator_3,50,0,5,0,5,53.885764722270245
917,instrument_5,operator_2,50,0,5,0,5,53.690049886010804
918,instrument_4,operator_2,50,0,5,0,5,39.68082708371267
919,instrument_2,operator_3,50,0,5,0,5,55.986478671987996
920,instrument_4,operator_2,50,0,5,0,5,55.196671125688226
921,instrument_2,operator_1,50,0,5,0,5,51.48929627893504
922,instrument_4,operator_1,50,0,5,0,5,51.41849800105488
923,instrument_5,operator_3,50,0,5,0,5,45.62707388599981
924,instrument_4,operator_3,50,0,5,0,5,48.939197434976386
925,instrument_1,operator_2,50,0,5,0,5,50.80124449522075
926,instrument_3,operator_1,50,0,5,0,5,63.33922732498142
927,instrument_1,operator_2,50,0,5,0,5,48.31715143900004
928,instrument_2,operator_3,50,0,5,0,5,50.325181843359324
929,instrument_3,operator_3,50,0,5,0,5,37.341231298494684
930,instrument_4,operator_3,50,0,5,0,5,56.39575125103375
931,instrument_2,operator_2,50,0,5,0,5,57.54707071535351
932,instrument_2,operator_3,50,0,5,0,5,53.763869276236484
933,instrument_2,operator_2,50,0,5,0,5,45.27041111381274
934,instrument_3,operator_2,50,0,5,0,5,55.882829343844975
935,instrument_2,operator_1,50,0,5,0,5,53.85385696199906
936,instrument_1,operator_1,50,0,5,0,5,49.93183616613012
937,instrument_1,operator_1,50,0,5,0,5,50.7467037091482
938,instrument_5,operator_2,50,0,5,0,5,49.0958174379385
939,instrument_1,operator_1,50,0,5,0,5,49.10041595338524
940,instrument_5,operator_1,50,0,5,0,5,40.93064195128639
941,instrument_1,operator_1,50,0,5,0,5,46.73229811011787
942,instrument_2,operator_3,50,0,5,0,5,47.29400252634521
943,instrument_4,operator_3,50,0,5,0,5,41.695249059965796
944,instrument_4,operator_3,50,0,5,0,5,51.37058300379467
945,instrument_3,operator_3,50,0,5,0,5,49.55516263739646
946,instrument_4,operator_1,50,0,5,0,5,43.7991130280157
947,instrument_3,operator_1,50,0,5,0,5,53.947407434190175
948,instrument_1,operator_2,50,0,5,0,5,59.68386769882728
949,instrument_2,operator_2,50,0,5,0,5,53.67584026796073
950,instrument_3,operator_1,50,0,5,0,5,46.39885638415242
951,instrument_2,operator_2,50,0,5,0,5,59.952061305168606
952,instrument_1,operator_1,50,0,5,0,5,60.94346640755335
953,instrument_4,operator_1,50,0,5,0,5,51.55466372800867
954,instrument_4,operator_3,50,0,5,0,5,37.389638715930865
955,instrument_3,operator_3,50,0,5,0,5,59.5838726578448
956,instrument_5,operator_2,50,0,5,0,5,52.23718462362533
957,instrument_5,operator_2,50,0,5,0,5,58.33357329799457
958,instrument_2,operator_2,50,0,5,0,5,38.802328630633056
959,instrument_5,operator_2,50,0,5,0,5,52.39501387166783
960,instrument_4,operator_1,50,0,5,0,5,45.862154556889806
961,instrument_3,operator_1,50,0,5,0,5,51.29402821496928
962,instrument_2,operator_2,50,0,5,0,5,54.65245436172063
963,instrument_3,operator_2,50,0,5,0,5,45.22805380287191
964,instrument_2,operator_1,50,0,5,0,5,45.754988243270134
965,instrument_1,operator_2,50,0,5,0,5,52.86526312540389
966,instrument_4,operator_3,50,0,5,0,5,46.26840183979063
967,instrument_3,operator_2,50,0,5,0,5,36.14919614024974
968,instrument_5,operator_3,50,0,5,0,5,57.32842520964189
969,instrument_2,operator_3,50,0,5,0,5,53.33596317895125
970,instrument_2,operator_1,50,0,5,0,5,47.994839185888715
971,instrument_1,operator_2,50,0,5,0,5,53.56055928965857
972,instrument_2,operator_3,50,0,5,0,5,53.84917103909839
973,instrument_1,operator_1,50,0,5,0,5,53.10689325647208
974,instrument_4,operator_2,50,0,5,0,5,50.899995165135216
975,instrument_1,operator_3,50,0,5,0,5,53.388906761608986
976,instrument_1,operator_2,50,0,5,0,5,58.982502356933765
977,instrument_4,operator_2,50,0,5,0,5,53.38345517012744
978,instrument_5,operator_2,50,0,5,0,5,42.98964360802765
979,instrument_1,operator_2,50,0,5,0,5,48.65379740450816
980,instrument_1,operator_2,50,0,5,0,5,53.818324727111836
981,instrument_4,operator_3,50,0,5,0,5,46.03400406773607
982,instrument_1,operator_2,50,0,5,0,5,46.49487949621198
983,instrument_5,operator_1,50,0,5,0,5,58.32163749174522
984,instrument_4,operator_1,50,0,5,0,5,37.589089985936646
985,instrument_1,operator_2,50,0,5,0,5,41.66502971682825
986,instrument_5,operator_3,50,0,5,0,5,39.30982161689356
987,instrument_3,operator_3,50,0,5,0,5,57.68001587525524
988,instrument_3,operator_3,50,0,5,0,5,41.58356416246361
989,instrument_5,operator_3,50,0,5,0,5,50.89505832898683
990,instrument_1,operator_1,50,0,5,0,5,52.082000819822774
991,instrument_3,operator_3,50,0,5,0,5,43.92641427294674
992,instrument_1,operator_3,50,0,5,0,5,40.158016900685155
993,instrument_2,operator_2,50,0,5,0,5,51.58061238737415
994,instrument_5,operator_2,50,0,5,0,5,59.011969597338464
995,instrument_1,operator_2,50,0,5,0,5,48.8948388556497
996,instrument_1,operator_1,50,0,5,0,5,46.43402745455099
997,instrument_5,operator_1,50,0,5,0,5,48.19895392224193
998,instrument_4,operator_2,50,0,5,0,5,51.59400984226961
999,instrument_3,operator_2,50,0,5,0,5,36.08870692250848
1000,instrument_3,operator_3,50,0,5,0,5,50.43864745602434
